{
      "tag": "label",
      "shape": [
            {
                  "x": 0.013133214285714285,
                  "y": 0.01259140625
            },
            {
                  "x": 0.5065570181144986,
                  "y": -0.09857083440435524
            },
            {
                  "x": 0.9666325396825397,
                  "y": 0.01259140625
            },
            {
                  "x": 0.9666325396825397,
                  "y": 0.9839258984375
            },
            {
                  "x": 0.5065570181144986,
                  "y": 1.0999876229886738
            },
            {
                  "x": 0.013133214285714285,
                  "y": 0.9839258984375
            }
      ]
}